<?xml version="1.0" encoding="UTF-8" standalone="yes"?>
<addon id="plugin.video.321Movies" name="321Movies" version="1.0.0" provider-name="The Mister">
  <requires>
    <import addon="script.module.simplejson" version="3.3.0"/>
    <import addon="xbmc.python" version="2.1.0"/>
    <import addon="script.module.t0mm0.common" version="2.0.0"/>
    <import addon="plugin.video.youtube" version="3.0.0"/>
    <import addon="script.module.urlresolver"  />
    <import addon="script.common.plugin.cache" version="2.5.2"/>
    <import addon="script.module.metahandler" version="2.5.1"/>
	<import addon="repository.TheMisterRepository" />
  </requires>
  <extension point="xbmc.python.pluginsource" library="default.py">
        <provides>video</provides>
  </extension>
  <extension point="xbmc.addon.metadata">
    <summary lang="en">321Movies.co</summary>
    <description lang="en">This site does not store any files on its server. All contents are provided by non-affiliated third parties. If you have any legal issues please contact the appropriate media file owners or host sites. OPENLOAD, 123MOVIES, FMOVIES, PUTLOCKER... </description>
    <platform>all</platform>
  </extension>
</addon>


